round,num1,num2,num3,num4,num5,num6,bonus,draw_date
1,10,23,29,33,37,40,0,2027-08-22
2,9,13,21,25,32,42,0,2027-08-21
3,11,16,19,21,27,31,0,2027-08-20
4,14,27,30,31,40,42,0,2027-08-19
5,16,24,29,40,41,42,0,2027-08-18
6,14,15,26,27,40,42,0,2027-08-17
7,2,9,16,25,26,40,0,2027-08-16
8,8,19,25,34,37,39,0,2027-08-15
9,2,4,16,17,36,39,0,2027-08-14
10,9,25,30,33,41,44,0,2027-08-13
11,1,7,36,37,41,42,0,2027-08-12
12,2,11,21,25,39,45,0,2027-08-11
13,22,23,25,37,38,42,0,2027-08-10
14,2,6,12,31,33,40,0,2027-08-09
15,3,4,16,30,31,37,0,2027-08-08
16,6,7,24,37,38,40,0,2027-08-07
17,3,4,9,17,32,37,0,2027-08-06
18,3,12,13,19,32,35,0,2027-08-05
19,6,30,38,39,40,43,0,2027-08-04
20,10,14,18,20,23,30,0,2027-08-03
21,6,12,17,18,31,32,0,2027-08-02
22,4,5,6,8,17,39,0,2027-08-01
23,5,13,17,18,33,42,0,2027-07-31
24,7,8,27,29,36,43,0,2027-07-30
25,2,4,21,26,43,44,0,2027-07-29
26,4,5,7,18,20,25,0,2027-07-28
27,1,20,26,28,37,43,0,2027-07-27
28,9,18,23,25,35,37,0,2027-07-26
29,1,5,13,34,39,40,0,2027-07-25
30,8,17,20,35,36,44,0,2027-07-24
31,7,9,18,23,28,35,0,2027-07-23
32,6,14,19,25,34,44,0,2027-07-22
33,4,7,32,33,40,41,0,2027-07-21
34,9,26,35,37,40,42,0,2027-07-20
35,2,3,11,26,37,43,0,2027-07-19
36,1,10,23,26,28,40,0,2027-07-18
37,7,27,30,33,35,37,0,2027-07-17
38,16,17,22,30,37,43,0,2027-07-16
39,6,7,13,15,21,43,0,2027-07-15
40,7,13,18,19,25,26,0,2027-07-14
41,13,20,23,35,38,43,0,2027-07-13
42,17,18,19,21,23,32,0,2027-07-12
43,6,31,35,38,39,44,0,2027-07-11
44,3,11,21,30,38,45,0,2027-07-10
45,1,10,20,27,33,35,0,2027-07-09
46,8,13,15,23,31,38,0,2027-07-08
47,14,17,26,31,36,45,0,2027-07-07
48,6,10,18,26,37,38,0,2027-07-06
49,4,7,16,19,33,40,0,2027-07-05
50,2,10,12,15,22,44,0,2027-07-04
51,2,3,11,16,26,44,0,2027-07-03
52,2,4,15,16,20,29,0,2027-07-02
53,7,8,14,32,33,39,0,2027-07-01
54,1,8,21,27,36,39,0,2027-06-30
55,17,21,31,37,40,44,0,2027-06-29
56,10,14,30,31,33,37,0,2027-06-28
57,7,10,16,25,29,44,0,2027-06-27
58,10,24,25,33,40,44,0,2027-06-26
59,6,29,36,39,41,45,0,2027-06-25
60,2,8,25,36,39,42,0,2027-06-24
61,14,15,19,30,38,43,0,2027-06-23
62,3,8,15,27,29,35,0,2027-06-22
63,3,20,23,36,38,40,0,2027-06-21
64,14,15,18,21,26,36,0,2027-06-20
65,4,25,33,36,40,43,0,2027-06-19
66,2,3,7,17,22,24,0,2027-06-18
67,3,7,10,15,36,38,0,2027-06-17
68,10,12,15,16,26,39,0,2027-06-16
69,5,8,14,15,19,39,0,2027-06-15
70,5,19,22,25,28,43,0,2027-06-14
71,5,9,12,16,29,41,0,2027-06-13
72,2,4,11,17,26,27,0,2027-06-12
73,3,12,18,32,40,43,0,2027-06-11
74,6,15,17,18,35,40,0,2027-06-10
75,2,5,24,32,34,44,0,2027-06-09
76,1,3,15,22,25,37,0,2027-06-08
77,2,18,29,32,43,44,0,2027-06-07
78,10,13,25,29,33,35,0,2027-06-06
79,3,12,24,27,30,32,0,2027-06-05
80,17,18,24,25,26,30,0,2027-06-04
81,5,7,11,13,20,33,0,2027-06-03
82,1,2,3,14,27,42,0,2027-06-02
83,6,10,15,17,19,34,0,2027-06-01
84,16,23,27,34,42,45,0,2027-05-31
85,6,8,13,23,31,36,0,2027-05-30
86,2,12,37,39,41,45,0,2027-05-29
87,4,12,16,23,34,43,0,2027-05-28
88,1,17,20,24,30,41,0,2027-05-27
89,4,26,28,29,33,40,0,2027-05-26
90,17,20,29,35,38,44,0,2027-05-25
91,1,21,24,26,29,42,0,2027-05-24
92,3,14,24,33,35,36,0,2027-05-23
93,6,22,24,36,38,44,0,2027-05-22
94,5,32,34,40,41,45,0,2027-05-21
95,8,17,27,31,34,43,0,2027-05-20
96,1,3,8,21,22,31,0,2027-05-19
97,6,7,14,15,20,36,0,2027-05-18
98,6,9,16,23,24,32,0,2027-05-17
99,1,3,10,27,29,37,0,2027-05-16
100,1,7,11,23,37,42,0,2027-05-15
101,1,3,17,32,35,45,0,2027-05-14
102,17,22,24,26,35,40,0,2027-05-13
103,5,14,15,27,30,45,0,2027-05-12
104,17,32,33,34,42,44,0,2027-05-11
105,8,10,20,34,41,45,0,2027-05-10
106,4,10,12,22,24,33,0,2027-05-09
107,1,4,5,6,9,31,0,2027-05-08
108,7,18,22,23,29,44,0,2027-05-07
109,1,5,34,36,42,44,0,2027-05-06
110,7,20,22,23,29,43,0,2027-05-05
111,7,18,31,33,36,40,0,2027-05-04
112,26,29,30,33,41,42,0,2027-05-03
113,4,9,28,33,36,45,0,2027-05-02
114,11,14,19,26,28,41,0,2027-05-01
115,1,2,6,9,25,28,0,2027-04-30
116,2,4,25,31,34,37,0,2027-04-29
117,5,10,22,34,36,44,0,2027-04-28
118,3,4,10,17,19,22,0,2027-04-27
119,3,11,13,14,17,21,0,2027-04-26
120,4,6,10,11,32,37,0,2027-04-25
121,12,28,30,34,38,43,0,2027-04-24
122,1,11,16,17,36,40,0,2027-04-23
123,7,17,18,28,30,45,0,2027-04-22
124,4,16,23,25,29,42,0,2027-04-21
125,2,8,32,33,35,36,0,2027-04-20
126,7,20,22,27,40,43,0,2027-04-19
127,3,5,10,29,32,43,0,2027-04-18
128,12,30,34,36,37,45,0,2027-04-17
129,19,23,25,28,38,42,0,2027-04-16
130,7,19,24,27,42,45,0,2027-04-15
131,8,10,11,14,15,21,0,2027-04-14
132,3,17,23,34,41,45,0,2027-04-13
133,4,7,15,18,23,26,0,2027-04-12
134,3,12,20,23,31,35,0,2027-04-11
135,6,14,22,28,35,39,0,2027-04-10
136,2,16,30,36,41,42,0,2027-04-09
137,7,9,20,25,36,39,0,2027-04-08
138,10,11,27,28,37,39,0,2027-04-07
139,9,11,15,20,28,43,0,2027-04-06
140,3,13,17,18,19,28,0,2027-04-05
141,8,12,29,31,42,43,0,2027-04-04
142,12,16,30,34,40,44,0,2027-04-03
143,26,27,28,42,43,45,0,2027-04-02
144,4,15,17,26,36,37,0,2027-04-01
145,2,3,13,20,27,44,0,2027-03-31
146,2,19,27,35,41,42,0,2027-03-30
147,4,6,13,21,40,42,0,2027-03-29
148,21,25,33,34,35,36,0,2027-03-28
149,2,11,21,34,41,42,0,2027-03-27
150,2,18,25,28,37,39,0,2027-03-26
151,1,2,10,13,18,19,0,2027-03-25
152,1,5,13,26,29,34,0,2027-03-24
153,3,8,11,12,13,36,0,2027-03-23
154,6,19,21,35,40,45,0,2027-03-22
155,16,19,20,32,33,41,0,2027-03-21
156,5,18,28,30,42,45,0,2027-03-20
157,19,26,30,33,35,39,0,2027-03-19
158,4,9,13,18,21,34,0,2027-03-18
159,1,18,30,41,42,43,0,2027-03-17
160,3,7,8,34,39,41,0,2027-03-16
161,22,34,36,40,42,45,0,2027-03-15
162,1,5,21,25,38,41,0,2027-03-14
163,7,11,26,28,29,44,0,2027-03-13
164,6,9,10,11,39,41,0,2027-03-12
165,5,13,18,19,22,42,0,2027-03-11
166,9,12,27,36,39,45,0,2027-03-10
167,24,27,28,30,36,39,0,2027-03-09
168,3,10,31,40,42,43,0,2027-03-08
169,16,27,35,37,43,45,0,2027-03-07
170,2,11,13,15,31,42,0,2027-03-06
171,4,16,25,29,34,35,0,2027-03-05
172,4,19,21,24,26,41,0,2027-03-04
173,3,9,24,30,33,34,0,2027-03-03
174,13,14,18,22,35,39,0,2027-03-02
175,19,26,28,31,33,36,0,2027-03-01
176,4,17,30,32,33,34,0,2027-02-28
177,1,10,13,16,37,43,0,2027-02-27
178,1,5,11,12,18,23,0,2027-02-26
179,5,9,17,25,39,43,0,2027-02-25
180,2,15,20,21,29,34,0,2027-02-24
181,14,21,23,32,40,45,0,2027-02-23
182,13,15,27,29,34,40,0,2027-02-22
183,2,18,24,34,40,42,0,2027-02-21
184,1,2,6,16,20,33,0,2027-02-20
185,1,2,4,8,19,38,0,2027-02-19
186,4,10,14,19,21,45,0,2027-02-18
187,1,2,8,18,29,38,0,2027-02-17
188,19,24,27,30,31,34,0,2027-02-16
189,8,14,32,35,37,45,0,2027-02-15
190,8,14,18,30,31,44,0,2027-02-14
191,5,6,24,25,32,37,0,2027-02-13
192,4,8,11,18,37,45,0,2027-02-12
193,6,14,18,26,36,39,0,2027-02-11
194,15,20,23,26,39,44,0,2027-02-10
195,7,10,19,22,35,40,0,2027-02-09
196,35,36,37,41,44,45,0,2027-02-08
197,7,12,16,34,42,45,0,2027-02-07
198,12,19,20,25,41,45,0,2027-02-06
199,14,21,22,25,30,36,0,2027-02-05
200,5,6,13,14,17,20,0,2027-02-04
201,3,11,24,38,39,44,0,2027-02-03
202,12,14,27,33,39,44,0,2027-02-02
203,1,3,11,24,30,32,0,2027-02-01
204,3,12,14,35,40,45,0,2027-01-31
205,1,3,21,29,35,37,0,2027-01-30
206,1,2,3,15,20,25,0,2027-01-29
207,3,11,14,31,32,37,0,2027-01-28
208,14,25,31,34,40,44,0,2027-01-27
209,2,7,18,20,24,33,0,2027-01-26
210,10,19,22,23,25,37,0,2027-01-25
211,12,13,17,20,33,41,0,2027-01-24
212,11,12,18,21,31,38,0,2027-01-23
213,2,3,4,5,20,24,0,2027-01-22
214,5,7,20,25,28,37,0,2027-01-21
215,2,3,7,15,43,44,0,2027-01-20
216,7,16,17,33,36,40,0,2027-01-19
217,16,20,27,33,35,39,0,2027-01-18
218,1,8,14,18,29,44,0,2027-01-17
219,4,11,20,26,35,37,0,2027-01-16
220,5,11,19,21,34,43,0,2027-01-15
221,2,20,33,35,37,40,0,2027-01-14
222,5,7,28,29,39,43,0,2027-01-13
223,1,3,18,20,26,27,0,2027-01-12
224,4,19,26,27,30,42,0,2027-01-11
225,5,11,13,19,31,36,0,2027-01-10
226,2,6,8,14,21,22,0,2027-01-09
227,4,5,15,16,22,42,0,2027-01-08
228,17,25,35,36,39,44,0,2027-01-07
229,4,5,9,11,23,38,0,2027-01-06
230,5,11,14,29,32,33,0,2027-01-05
231,5,10,19,31,44,45,0,2027-01-04
232,8,9,10,12,24,44,0,2027-01-03
233,4,6,13,17,28,40,0,2027-01-02
234,13,21,22,24,26,37,0,2027-01-01
235,21,22,26,27,31,37,0,2026-12-31
236,1,4,8,13,37,39,0,2026-12-30
237,1,11,17,21,24,44,0,2026-12-29
238,2,4,15,28,31,34,0,2026-12-28
239,11,15,24,39,41,44,0,2026-12-27
240,6,10,16,40,41,43,0,2026-12-26
241,2,16,24,27,28,35,0,2026-12-25
242,4,19,20,21,32,34,0,2026-12-24
243,2,12,17,19,28,42,0,2026-12-23
244,13,16,25,36,37,38,0,2026-12-22
245,9,11,27,31,32,38,0,2026-12-21
246,13,18,21,23,26,39,0,2026-12-20
247,12,15,28,36,39,40,0,2026-12-19
248,3,8,17,23,38,45,0,2026-12-18
249,3,8,27,31,41,44,0,2026-12-17
250,19,23,30,37,43,45,0,2026-12-16
251,6,7,19,25,28,38,0,2026-12-15
252,14,23,26,31,39,45,0,2026-12-14
253,8,19,25,31,34,36,0,2026-12-13
254,1,5,19,20,24,30,0,2026-12-12
255,1,5,6,24,27,42,0,2026-12-11
256,4,11,14,21,23,43,0,2026-12-10
257,6,13,27,31,32,37,0,2026-12-09
258,14,27,30,31,38,40,0,2026-12-08
259,4,5,14,35,42,45,0,2026-12-07
260,7,12,15,24,37,40,0,2026-12-06
261,6,11,16,18,31,43,0,2026-12-05
262,9,12,24,25,29,31,0,2026-12-04
263,1,27,28,32,37,40,0,2026-12-03
264,9,16,27,36,41,44,0,2026-12-02
265,5,9,34,37,38,39,0,2026-12-01
266,3,4,9,11,22,42,0,2026-11-30
267,7,8,24,34,36,41,0,2026-11-29
268,3,10,19,24,32,45,0,2026-11-28
269,5,18,20,36,42,43,0,2026-11-27
270,5,9,12,20,21,26,0,2026-11-26
271,3,8,9,27,29,40,0,2026-11-25
272,7,9,12,27,39,43,0,2026-11-24
273,1,8,24,31,34,44,0,2026-11-23
274,13,14,15,26,35,39,0,2026-11-22
275,14,19,20,35,38,40,0,2026-11-21
276,4,15,21,33,39,41,0,2026-11-20
277,10,12,13,15,25,29,0,2026-11-19
278,3,11,37,39,41,43,0,2026-11-18
279,7,16,31,36,37,38,0,2026-11-17
280,10,11,23,24,36,37,0,2026-11-16
281,1,3,4,6,14,41,0,2026-11-15
282,2,5,10,18,31,32,0,2026-11-14
283,6,8,18,31,38,45,0,2026-11-13
284,2,7,15,24,30,45,0,2026-11-12
285,13,33,37,40,41,45,0,2026-11-11
286,1,15,19,40,42,44,0,2026-11-10
287,6,12,24,27,35,37,0,2026-11-09
288,1,12,17,28,35,41,0,2026-11-08
289,3,14,33,37,38,42,0,2026-11-07
290,8,13,18,32,39,45,0,2026-11-06
291,3,7,8,18,20,42,0,2026-11-05
292,17,18,31,32,33,34,0,2026-11-04
293,1,9,17,21,29,33,0,2026-11-03
294,6,10,17,30,37,38,0,2026-11-02
295,1,4,12,16,18,38,0,2026-11-01
296,3,8,15,27,30,45,0,2026-10-31
297,6,11,19,20,28,32,0,2026-10-30
298,5,9,27,29,37,40,0,2026-10-29
299,1,3,20,25,36,45,0,2026-10-28
300,7,9,10,12,26,38,0,2026-10-27
301,7,11,13,33,37,43,0,2026-10-26
302,13,19,20,32,38,42,0,2026-10-25
303,2,14,17,30,38,45,0,2026-10-24
304,4,10,16,26,33,41,0,2026-10-23
305,7,8,18,21,23,39,0,2026-10-22
306,4,18,23,30,34,41,0,2026-10-21
307,5,15,21,23,25,45,0,2026-10-20
308,14,15,17,19,37,45,0,2026-10-19
309,1,2,5,11,18,36,0,2026-10-18
310,1,5,19,28,34,41,0,2026-10-17
311,4,12,24,27,28,32,0,2026-10-16
312,2,3,5,6,12,20,0,2026-10-15
313,9,17,34,35,43,45,0,2026-10-14
314,15,17,19,34,38,41,0,2026-10-13
315,1,13,33,35,43,45,0,2026-10-12
316,10,11,21,27,31,39,0,2026-10-11
317,3,10,11,22,36,39,0,2026-10-10
318,2,17,19,20,34,45,0,2026-10-09
319,5,8,22,28,33,42,0,2026-10-08
320,16,19,23,25,41,45,0,2026-10-07
321,12,18,20,21,25,34,0,2026-10-06
322,9,18,29,32,38,43,0,2026-10-05
323,10,14,15,32,36,42,0,2026-10-04
324,2,4,21,25,33,36,0,2026-10-03
325,7,17,20,32,44,45,0,2026-10-02
326,16,23,25,33,36,39,0,2026-10-01
327,6,12,13,17,32,44,0,2026-09-30
328,1,6,9,16,17,28,0,2026-09-29
329,9,17,19,30,35,42,0,2026-09-28
330,3,4,16,17,19,20,0,2026-09-27
331,4,9,14,26,31,44,0,2026-09-26
332,16,17,34,36,42,45,0,2026-09-25
333,5,14,27,30,39,43,0,2026-09-24
334,13,15,21,29,39,43,0,2026-09-23
335,5,9,16,23,26,45,0,2026-09-22
336,3,5,20,34,35,44,0,2026-09-21
337,1,5,14,18,32,37,0,2026-09-20
338,2,13,34,38,42,45,0,2026-09-19
339,6,8,14,21,30,37,0,2026-09-18
340,18,24,26,29,34,38,0,2026-09-17
341,1,8,19,34,39,43,0,2026-09-16
342,1,13,14,33,34,43,0,2026-09-15
343,1,10,17,29,31,43,0,2026-09-14
344,1,2,15,28,34,45,0,2026-09-13
345,15,20,23,29,39,42,0,2026-09-12
346,5,13,14,22,44,45,0,2026-09-11
347,3,8,13,27,32,42,0,2026-09-10
348,3,14,17,20,24,31,0,2026-09-09
349,5,13,14,20,24,25,0,2026-09-08
350,1,8,18,24,29,33,0,2026-09-07
351,5,25,27,29,34,36,0,2026-09-06
352,5,16,17,20,26,41,0,2026-09-05
353,11,16,19,22,29,36,0,2026-09-04
354,14,19,36,43,44,45,0,2026-09-03
355,5,8,29,30,35,44,0,2026-09-02
356,2,8,14,25,29,45,0,2026-09-01
357,10,14,18,21,36,37,0,2026-08-31
358,1,9,10,12,21,40,0,2026-08-30
359,1,10,19,20,24,40,0,2026-08-29
360,4,16,23,25,35,40,0,2026-08-28
361,5,10,16,24,27,35,0,2026-08-27
362,2,3,22,27,30,40,0,2026-08-26
363,11,12,14,21,32,38,0,2026-08-25
364,2,5,7,14,16,40,0,2026-08-24
365,5,15,21,25,26,30,0,2026-08-23
366,5,12,19,26,27,44,0,2026-08-22
367,3,22,25,29,32,44,0,2026-08-21
368,11,21,24,30,39,45,0,2026-08-20
369,17,20,35,36,41,43,0,2026-08-19
370,16,18,24,42,44,45,0,2026-08-18
371,7,9,15,26,27,42,0,2026-08-17
372,8,11,14,16,18,21,0,2026-08-16
373,15,26,37,42,43,45,0,2026-08-15
374,11,13,15,17,25,34,0,2026-08-14
375,4,8,19,25,27,45,0,2026-08-13
376,1,11,13,24,28,40,0,2026-08-12
377,6,22,29,37,43,45,0,2026-08-11
378,5,22,29,31,34,39,0,2026-08-10
379,6,10,22,31,35,40,0,2026-08-09
380,1,2,8,17,26,37,0,2026-08-08
381,1,5,10,12,16,20,0,2026-08-07
382,10,15,22,24,27,42,0,2026-08-06
383,4,15,28,33,37,40,0,2026-08-05
384,11,22,24,32,36,38,0,2026-08-04
385,7,12,19,21,29,32,0,2026-08-03
386,4,7,10,19,31,40,0,2026-08-02
387,1,26,31,34,40,43,0,2026-08-01
388,1,8,9,17,29,32,0,2026-07-31
389,7,16,18,20,23,26,0,2026-07-30
390,16,17,28,37,39,40,0,2026-07-29
391,10,11,18,22,28,39,0,2026-07-28
392,1,3,7,8,24,42,0,2026-07-27
393,9,16,28,40,41,43,0,2026-07-26
394,1,13,20,22,25,28,0,2026-07-25
395,11,15,20,26,31,35,0,2026-07-24
396,18,20,31,34,40,45,0,2026-07-23
397,12,13,17,22,25,33,0,2026-07-22
398,10,15,20,23,42,44,0,2026-07-21
399,1,2,9,17,19,42,0,2026-07-20
400,9,21,27,34,41,43,0,2026-07-19
401,6,12,18,31,38,43,0,2026-07-18
402,5,9,15,19,22,36,0,2026-07-17
403,10,14,22,24,28,37,0,2026-07-16
404,5,20,21,24,33,40,0,2026-07-15
405,1,2,10,25,26,44,0,2026-07-14
406,7,12,21,24,27,36,0,2026-07-13
407,6,7,13,16,24,25,0,2026-07-12
408,9,20,21,22,30,37,0,2026-07-11
409,6,9,21,31,32,40,0,2026-07-10
410,1,3,18,32,40,41,0,2026-07-09
411,11,14,22,35,37,39,0,2026-07-08
412,4,7,39,41,42,45,0,2026-07-07
413,2,9,15,23,34,40,0,2026-07-06
414,2,14,15,22,23,44,0,2026-07-05
415,7,17,20,26,30,40,0,2026-07-04
416,5,6,8,11,22,26,0,2026-07-03
417,4,5,14,20,22,43,0,2026-07-02
418,11,13,15,26,28,34,0,2026-07-01
419,2,11,13,14,28,30,0,2026-06-30
420,4,9,10,29,31,34,0,2026-06-29
421,6,11,26,27,28,44,0,2026-06-28
422,8,15,19,21,34,44,0,2026-06-27
423,1,17,27,28,29,40,0,2026-06-26
424,10,11,26,31,34,44,0,2026-06-25
425,8,10,14,27,33,38,0,2026-06-24
426,4,17,18,27,39,43,0,2026-06-23
427,6,7,15,24,28,30,0,2026-06-22
428,12,16,19,22,37,40,0,2026-06-21
429,3,23,28,34,39,42,0,2026-06-20
430,1,3,16,18,30,34,0,2026-06-19
431,18,22,25,31,38,45,0,2026-06-18
432,2,3,5,11,27,39,0,2026-06-17
433,19,23,29,33,35,43,0,2026-06-16
434,3,13,20,24,33,37,0,2026-06-15
435,8,16,26,30,38,45,0,2026-06-14
436,9,14,20,22,33,34,0,2026-06-13
437,11,16,29,38,41,44,0,2026-06-12
438,6,12,20,26,29,38,0,2026-06-11
439,17,20,30,31,37,40,0,2026-06-10
440,10,22,28,34,36,44,0,2026-06-09
441,1,23,28,30,34,35,0,2026-06-08
442,25,27,29,36,38,40,0,2026-06-07
443,4,6,10,19,20,44,0,2026-06-06
444,11,13,23,35,43,45,0,2026-06-05
445,13,20,21,30,39,45,0,2026-06-04
446,1,11,12,14,26,35,0,2026-06-03
447,2,7,8,9,17,33,0,2026-06-02
448,3,7,13,27,40,41,0,2026-06-01
449,3,10,20,26,35,43,0,2026-05-31
450,6,14,19,21,23,31,0,2026-05-30
451,12,15,20,24,30,38,0,2026-05-29
452,8,10,18,30,32,34,0,2026-05-28
453,12,24,33,38,40,42,0,2026-05-27
454,13,25,27,34,38,41,0,2026-05-26
455,4,19,20,26,30,35,0,2026-05-25
456,1,7,12,18,23,27,0,2026-05-24
457,8,10,18,23,27,40,0,2026-05-23
458,4,9,10,32,36,40,0,2026-05-22
459,4,6,10,14,25,40,0,2026-05-21
460,8,11,28,30,43,45,0,2026-05-20
461,11,18,26,31,37,40,0,2026-05-19
462,3,20,24,32,37,45,0,2026-05-18
463,23,29,31,33,34,44,0,2026-05-17
464,6,12,15,34,42,44,0,2026-05-16
465,1,8,11,13,22,38,0,2026-05-15
466,4,10,13,23,32,44,0,2026-05-14
467,2,12,14,17,24,40,0,2026-05-13
468,8,13,15,28,37,43,0,2026-05-12
469,4,21,22,34,37,38,0,2026-05-11
470,10,16,20,39,41,42,0,2026-05-10
471,6,13,29,37,39,41,0,2026-05-09
472,16,25,26,31,36,43,0,2026-05-08
473,8,13,20,22,23,36,0,2026-05-07
474,4,13,18,31,33,45,0,2026-05-06
475,1,9,14,16,21,29,0,2026-05-05
476,9,12,13,15,37,38,0,2026-05-04
477,14,25,29,32,33,45,0,2026-05-03
478,18,29,30,37,39,43,0,2026-05-02
479,8,23,25,27,35,44,0,2026-05-01
480,3,5,10,17,30,31,0,2026-04-30
481,3,4,23,29,40,41,0,2026-04-29
482,1,10,16,24,25,35,0,2026-04-28
483,12,15,19,22,28,34,0,2026-04-27
484,1,3,27,28,32,45,0,2026-04-26
485,17,22,26,27,36,39,0,2026-04-25
486,1,2,23,25,38,40,0,2026-04-24
487,4,8,25,27,37,41,0,2026-04-23
488,2,8,17,30,31,38,0,2026-04-22
489,2,4,8,15,20,27,0,2026-04-21
490,2,7,26,29,40,43,0,2026-04-20
491,8,17,35,36,39,42,0,2026-04-19
492,22,27,31,35,37,40,0,2026-04-18
493,20,22,26,33,36,37,0,2026-04-17
494,5,7,8,15,30,43,0,2026-04-16
495,4,13,22,27,34,44,0,2026-04-15
496,4,13,20,29,36,41,0,2026-04-14
497,19,20,23,24,43,44,0,2026-04-13
498,13,14,24,32,39,41,0,2026-04-12
499,5,20,23,27,35,40,0,2026-04-11
500,3,4,12,20,24,34,0,2026-04-10
501,1,4,10,17,31,42,0,2026-04-09
502,6,22,28,32,34,40,0,2026-04-08
503,1,5,27,30,34,36,0,2026-04-07
504,6,14,22,26,43,44,0,2026-04-06
505,7,20,22,25,38,40,0,2026-04-05
506,6,9,11,22,24,30,0,2026-04-04
507,12,13,32,33,40,41,0,2026-04-03
508,5,27,31,34,35,43,0,2026-04-02
509,12,25,29,35,42,43,0,2026-04-01
510,12,29,32,33,39,40,0,2026-03-31
511,3,7,14,23,26,42,0,2026-03-30
512,4,5,9,13,26,27,0,2026-03-29
513,5,8,21,23,27,33,0,2026-03-28
514,1,15,20,26,35,42,0,2026-03-27
515,2,11,12,15,23,37,0,2026-03-26
516,2,8,23,41,43,44,0,2026-03-25
517,1,9,12,28,36,41,0,2026-03-24
518,14,23,30,32,34,38,0,2026-03-23
519,6,8,13,16,30,43,0,2026-03-22
520,4,22,27,28,38,40,0,2026-03-21
521,3,7,18,29,32,36,0,2026-03-20
522,4,5,13,14,37,41,0,2026-03-19
523,1,4,37,38,40,45,0,2026-03-18
524,10,11,29,38,41,45,0,2026-03-17
525,11,23,26,29,39,44,0,2026-03-16
526,7,14,17,20,35,39,0,2026-03-15
527,1,12,22,32,33,42,0,2026-03-14
528,5,17,25,31,39,40,0,2026-03-13
529,18,20,24,27,31,42,0,2026-03-12
530,16,23,27,29,33,41,0,2026-03-11
531,1,5,9,21,27,35,0,2026-03-10
532,16,17,23,24,29,44,0,2026-03-09
533,9,14,15,17,31,33,0,2026-03-08
534,10,24,26,29,37,38,0,2026-03-07
535,11,12,14,15,18,39,0,2026-03-06
536,7,8,18,32,37,43,0,2026-03-05
537,12,23,26,30,36,43,0,2026-03-04
538,6,10,18,31,32,34,0,2026-03-03
539,3,19,22,31,42,43,0,2026-03-02
540,3,12,13,15,34,36,0,2026-03-01
541,8,13,26,28,32,34,0,2026-02-28
542,5,6,19,26,41,45,0,2026-02-27
543,13,18,26,31,34,44,0,2026-02-26
544,5,17,21,25,36,44,0,2026-02-25
545,4,24,25,27,34,35,0,2026-02-24
546,8,17,20,27,37,43,0,2026-02-23
547,6,7,15,22,34,39,0,2026-02-22
548,1,12,13,21,32,45,0,2026-02-21
549,29,31,35,38,40,44,0,2026-02-20
550,1,7,14,20,34,37,0,2026-02-19
551,3,6,20,24,27,44,0,2026-02-18
552,1,10,20,32,35,40,0,2026-02-17
553,2,7,17,28,29,39,0,2026-02-16
554,13,14,17,32,41,42,0,2026-02-15
555,11,17,21,24,26,36,0,2026-02-14
556,12,20,23,28,30,44,0,2026-02-13
557,4,20,26,28,35,40,0,2026-02-12
558,12,15,19,26,40,43,0,2026-02-11
559,11,12,25,32,44,45,0,2026-02-10
560,1,4,20,23,29,45,0,2026-02-09
561,5,7,18,37,42,45,0,2026-02-08
562,4,11,13,17,20,31,0,2026-02-07
563,5,10,16,17,31,32,0,2026-02-06
564,14,19,25,26,27,34,0,2026-02-05
565,4,10,18,27,40,45,0,2026-02-04
566,4,5,6,25,26,43,0,2026-02-03
567,1,10,15,16,32,41,0,2026-02-02
568,1,3,17,20,31,44,0,2026-02-01
569,3,6,13,23,24,35,0,2026-01-31
570,1,12,26,27,29,33,0,2026-01-30
571,11,18,21,26,38,43,0,2026-01-29
572,3,13,18,33,37,45,0,2026-01-28
573,2,4,20,34,35,43,0,2026-01-27
574,14,15,16,19,25,43,0,2026-01-26
575,2,8,20,30,33,34,0,2026-01-25
576,10,11,15,25,35,41,0,2026-01-24
577,16,17,22,31,34,37,0,2026-01-23
578,5,12,14,32,34,42,0,2026-01-22
579,5,7,20,22,37,42,0,2026-01-21
580,5,7,9,11,32,35,0,2026-01-20
581,3,5,14,20,42,44,0,2026-01-19
582,2,12,14,33,40,41,0,2026-01-18
583,8,17,27,33,40,44,0,2026-01-17
584,7,18,30,39,40,41,0,2026-01-16
585,6,7,10,16,38,41,0,2026-01-15
586,2,7,12,15,21,34,0,2026-01-14
587,14,21,29,31,32,37,0,2026-01-13
588,2,8,15,22,25,41,0,2026-01-12
589,6,8,28,33,38,39,0,2026-01-11
590,20,30,36,38,41,45,0,2026-01-10
591,8,13,14,30,38,39,0,2026-01-09
592,2,5,6,13,28,44,0,2026-01-08
593,9,10,13,24,33,38,0,2026-01-07
594,2,8,13,25,28,37,0,2026-01-06
595,8,24,28,35,38,40,0,2026-01-05
596,3,4,12,14,25,43,0,2026-01-04
597,8,10,23,24,35,43,0,2026-01-03
598,4,12,24,33,38,45,0,2026-01-02
599,5,12,17,29,34,35,0,2026-01-01
600,5,11,14,27,29,36,0,2025-12-31
601,2,16,19,31,34,35,0,2025-12-30
602,13,14,22,27,30,38,0,2025-12-29
603,2,19,25,26,27,43,0,2025-12-28
604,2,6,18,21,33,34,0,2025-12-27
605,1,2,7,9,10,38,0,2025-12-26
606,1,5,6,14,20,39,0,2025-12-25
607,8,14,23,36,38,39,0,2025-12-24
608,4,8,18,19,39,44,0,2025-12-23
609,4,8,27,34,39,40,0,2025-12-22
610,14,18,20,23,28,36,0,2025-12-21
611,2,22,27,33,36,37,0,2025-12-20
612,6,9,18,19,25,33,0,2025-12-19
613,7,8,11,16,41,44,0,2025-12-18
614,8,21,25,39,40,44,0,2025-12-17
615,10,17,18,19,23,27,0,2025-12-16
616,5,13,18,23,40,45,0,2025-12-15
617,4,5,11,12,24,27,0,2025-12-14
618,8,16,25,30,42,43,0,2025-12-13
619,6,8,13,30,35,40,0,2025-12-12
620,2,16,17,32,39,45,0,2025-12-11
621,1,2,6,16,19,42,0,2025-12-10
622,9,15,16,21,28,34,0,2025-12-09
623,7,13,30,39,41,45,0,2025-12-08
624,1,7,19,26,27,35,0,2025-12-07
625,3,6,7,20,21,39,0,2025-12-06
626,13,14,26,33,40,43,0,2025-12-05
627,2,9,22,25,31,45,0,2025-12-04
628,1,7,12,15,23,42,0,2025-12-03
629,19,28,31,38,43,44,0,2025-12-02
630,8,17,21,24,27,31,0,2025-12-01
631,1,2,4,23,31,34,0,2025-11-30
632,15,18,21,32,35,44,0,2025-11-29
633,9,12,19,20,39,41,0,2025-11-28
634,4,10,11,12,20,27,0,2025-11-27
635,11,13,25,26,29,33,0,2025-11-26
636,6,7,15,16,20,31,0,2025-11-25
637,3,16,22,37,38,44,0,2025-11-24
638,7,18,22,24,31,34,0,2025-11-23
639,6,15,22,23,25,32,0,2025-11-22
640,14,15,18,21,26,35,0,2025-11-21
641,11,18,21,36,37,43,0,2025-11-20
642,8,17,18,24,39,45,0,2025-11-19
643,15,24,31,32,33,40,0,2025-11-18
644,5,13,17,23,28,36,0,2025-11-17
645,1,4,16,26,40,41,0,2025-11-16
646,2,9,24,41,43,45,0,2025-11-15
647,5,16,21,23,24,30,0,2025-11-14
648,13,19,28,37,38,43,0,2025-11-13
649,3,21,22,33,41,42,0,2025-11-12
650,3,4,7,11,31,41,0,2025-11-11
651,11,12,16,26,29,44,0,2025-11-10
652,3,13,15,40,41,44,0,2025-11-09
653,5,6,26,27,38,39,0,2025-11-08
654,16,21,26,31,36,43,0,2025-11-07
655,7,37,38,39,40,44,0,2025-11-06
656,3,7,14,16,31,40,0,2025-11-05
657,10,14,19,39,40,43,0,2025-11-04
658,8,19,25,28,32,36,0,2025-11-03
659,7,18,19,27,29,42,0,2025-11-02
660,4,9,23,33,39,44,0,2025-11-01
661,2,3,12,20,27,38,0,2025-10-31
662,5,6,9,11,15,37,0,2025-10-30
663,3,5,8,19,38,42,0,2025-10-29
664,10,20,33,36,41,44,0,2025-10-28
665,5,6,11,17,38,44,0,2025-10-27
666,2,4,6,11,17,28,0,2025-10-26
667,15,17,25,37,42,43,0,2025-10-25
668,12,14,15,24,27,32,0,2025-10-24
669,7,8,20,29,33,38,0,2025-10-23
670,11,18,26,27,40,41,0,2025-10-22
671,7,9,10,13,31,35,0,2025-10-21
672,8,21,28,31,36,45,0,2025-10-20
673,7,10,17,29,33,44,0,2025-10-19
674,9,10,14,25,27,31,0,2025-10-18
675,1,8,11,15,18,45,0,2025-10-17
676,1,8,17,34,39,45,0,2025-10-16
677,12,15,24,36,41,44,0,2025-10-15
678,4,5,6,12,25,37,0,2025-10-14
679,3,5,7,14,26,34,0,2025-10-13
680,4,10,19,29,32,42,0,2025-10-12
681,21,24,27,29,43,44,0,2025-10-11
682,17,23,27,35,38,43,0,2025-10-10
683,6,13,20,27,28,40,0,2025-10-09
684,1,11,15,17,25,39,0,2025-10-08
685,6,7,12,28,38,40,0,2025-10-07
686,7,12,15,24,25,43,0,2025-10-06
687,1,8,10,13,28,42,0,2025-10-05
688,5,15,22,23,34,35,0,2025-10-04
689,7,17,19,30,36,38,0,2025-10-03
690,24,25,33,34,38,39,0,2025-10-02
691,15,27,33,35,43,45,0,2025-10-01
692,3,11,14,15,32,36,0,2025-09-30
693,1,6,11,28,34,42,0,2025-09-29
694,7,15,20,25,33,43,0,2025-09-28
695,4,18,26,33,34,38,0,2025-09-27
696,1,7,16,18,34,38,0,2025-09-26
697,2,5,8,11,33,39,0,2025-09-25
698,3,11,13,21,33,37,0,2025-09-24
699,4,5,8,16,21,29,0,2025-09-23
700,11,23,28,29,30,44,0,2025-09-22
701,3,10,14,16,36,38,0,2025-09-21
702,3,13,16,24,26,29,0,2025-09-20
703,10,28,31,33,41,44,0,2025-09-19
704,1,4,8,23,33,42,0,2025-09-18
705,1,6,17,22,28,45,0,2025-09-17
706,3,4,6,10,28,30,0,2025-09-16
707,2,12,19,24,39,44,0,2025-09-15
708,2,10,16,19,34,45,0,2025-09-14
709,10,18,30,36,39,44,0,2025-09-13
710,3,4,9,24,25,33,0,2025-09-12
711,11,15,24,35,37,45,0,2025-09-11
712,17,20,30,31,33,45,0,2025-09-10
713,2,5,15,18,19,23,0,2025-09-09
714,1,7,22,33,37,40,0,2025-09-08
715,2,7,27,33,41,44,0,2025-09-07
716,2,6,13,16,29,30,0,2025-09-06
717,2,11,19,25,28,32,0,2025-09-05
718,4,11,20,23,32,39,0,2025-09-04
719,4,8,13,19,20,43,0,2025-09-03
720,1,12,29,34,36,37,0,2025-09-02
721,1,28,35,41,43,44,0,2025-09-01
722,12,14,21,30,39,43,0,2025-08-31
723,20,30,33,35,36,44,0,2025-08-30
724,2,8,33,35,37,41,0,2025-08-29
725,6,7,19,21,41,43,0,2025-08-28
726,1,11,21,23,34,44,0,2025-08-27
727,7,8,10,19,21,31,0,2025-08-26
728,3,6,10,30,34,37,0,2025-08-25
729,11,17,21,26,36,45,0,2025-08-24
730,4,10,14,15,18,22,0,2025-08-23
731,2,7,13,25,42,45,0,2025-08-22
732,2,4,5,17,27,32,0,2025-08-21
733,11,24,32,33,35,40,0,2025-08-20
734,6,16,37,38,41,45,0,2025-08-19
735,5,10,13,27,37,41,0,2025-08-18
736,2,11,17,18,21,27,0,2025-08-17
737,13,15,18,24,27,41,0,2025-08-16
738,23,27,28,38,42,43,0,2025-08-15
739,7,22,29,33,34,35,0,2025-08-14
740,4,8,9,16,17,19,0,2025-08-13
741,5,21,27,34,44,45,0,2025-08-12
742,8,10,13,36,37,40,0,2025-08-11
743,15,19,21,34,41,44,0,2025-08-10
744,10,15,18,21,34,41,0,2025-08-09
745,1,2,3,9,12,23,0,2025-08-08
746,3,12,33,36,42,45,0,2025-08-07
747,7,9,12,14,23,28,0,2025-08-06
748,3,10,13,22,31,32,0,2025-08-05
749,12,14,24,26,34,45,0,2025-08-04
750,1,2,15,19,24,36,0,2025-08-03
751,3,4,16,20,28,44,0,2025-08-02
752,4,16,20,33,40,43,0,2025-08-01
753,2,17,19,24,37,41,0,2025-07-31
754,2,8,17,24,29,31,0,2025-07-30
755,13,14,26,28,30,36,0,2025-07-29
756,10,14,16,18,27,28,0,2025-07-28
757,6,7,11,17,33,44,0,2025-07-27
758,5,9,12,30,39,43,0,2025-07-26
759,9,33,36,40,42,43,0,2025-07-25
760,10,22,27,31,42,43,0,2025-07-24
761,4,7,11,24,42,45,0,2025-07-23
762,1,3,12,21,26,41,0,2025-07-22
763,3,8,16,32,34,43,0,2025-07-21
764,7,22,24,31,34,36,0,2025-07-20
765,1,3,8,12,42,43,0,2025-07-19
766,9,30,34,35,39,41,0,2025-07-18
767,5,15,20,31,34,42,0,2025-07-17
768,7,27,29,30,38,44,0,2025-07-16
769,5,7,11,16,41,45,0,2025-07-15
770,1,9,12,23,39,43,0,2025-07-14
771,6,10,17,18,21,29,0,2025-07-13
772,5,6,11,14,21,41,0,2025-07-12
773,8,12,19,21,31,35,0,2025-07-11
774,12,15,18,28,34,42,0,2025-07-10
775,11,12,29,33,38,42,0,2025-07-09
776,8,9,18,21,28,40,0,2025-07-08
777,6,12,17,21,34,37,0,2025-07-07
778,6,21,35,36,37,41,0,2025-07-06
779,6,12,19,24,34,41,0,2025-07-05
780,15,17,19,21,27,45,0,2025-07-04
781,11,16,18,19,24,39,0,2025-07-03
782,6,18,31,34,38,45,0,2025-07-02
783,14,15,16,17,38,45,0,2025-07-01
784,3,10,23,24,31,39,0,2025-06-30
785,4,6,15,25,26,33,0,2025-06-29
786,12,15,16,20,24,30,0,2025-06-28
787,5,6,13,16,27,28,0,2025-06-27
788,2,10,11,19,35,39,0,2025-06-26
789,2,6,7,12,19,45,0,2025-06-25
790,3,8,19,27,30,41,0,2025-06-24
791,2,10,12,31,33,42,0,2025-06-23
792,2,7,19,25,29,36,0,2025-06-22
793,10,15,21,35,38,43,0,2025-06-21
794,6,7,18,19,30,38,0,2025-06-20
795,3,10,13,26,34,38,0,2025-06-19
796,1,21,26,36,40,41,0,2025-06-18
797,5,22,31,32,39,45,0,2025-06-17
798,2,10,14,22,32,36,0,2025-06-16
799,12,17,23,34,42,45,0,2025-06-15
800,1,4,10,12,28,45,0,2025-06-14
801,17,25,28,37,43,44,0,2025-06-13
802,10,11,12,18,24,42,0,2025-06-12
803,5,9,14,26,30,43,0,2025-06-11
804,1,10,13,26,32,36,0,2025-06-10
805,3,12,13,18,31,32,0,2025-06-09
806,14,20,23,31,37,38,0,2025-06-08
807,6,10,18,25,34,35,0,2025-06-07
808,15,21,31,32,41,43,0,2025-06-06
809,6,11,15,17,23,40,0,2025-06-05
810,5,10,13,21,39,43,0,2025-06-04
811,8,11,19,21,36,45,0,2025-06-03
812,1,3,12,14,16,43,0,2025-06-02
813,11,30,34,35,42,44,0,2025-06-01
814,2,21,28,38,42,45,0,2025-05-31
815,17,21,25,26,27,36,0,2025-05-30
816,12,18,19,29,31,39,0,2025-05-29
817,3,9,12,13,25,43,0,2025-05-28
818,14,15,25,28,29,30,0,2025-05-27
819,16,25,33,38,40,45,0,2025-05-26
820,10,21,22,30,35,42,0,2025-05-25
821,1,12,13,24,29,44,0,2025-05-24
822,9,18,20,24,27,36,0,2025-05-23
823,12,18,24,26,39,40,0,2025-05-22
824,7,9,24,29,34,38,0,2025-05-21
825,8,15,21,31,33,38,0,2025-05-20
826,13,16,24,25,33,36,0,2025-05-19
827,5,11,12,29,33,44,0,2025-05-18
828,4,7,13,29,31,39,0,2025-05-17
829,4,5,31,35,43,45,0,2025-05-16
830,5,6,16,18,37,38,0,2025-05-15
831,3,10,16,19,31,39,0,2025-05-14
832,13,14,19,26,40,43,0,2025-05-13
833,12,18,30,39,41,42,0,2025-05-12
834,6,8,18,35,42,43,0,2025-05-11
835,9,10,13,28,38,45,0,2025-05-10
836,1,9,11,14,26,28,0,2025-05-09
837,2,25,28,30,33,45,0,2025-05-08
838,9,14,17,33,36,38,0,2025-05-07
839,3,9,11,12,13,19,0,2025-05-06
840,2,4,11,28,29,43,0,2025-05-05
841,5,11,14,30,33,38,0,2025-05-04
842,14,26,32,36,39,42,0,2025-05-03
843,19,21,30,33,34,42,0,2025-05-02
844,7,8,13,15,33,45,0,2025-05-01
845,1,16,29,33,40,45,0,2025-04-30
846,5,18,30,41,43,45,0,2025-04-29
847,12,16,26,28,30,42,0,2025-04-28
848,1,2,16,22,38,39,0,2025-04-27
849,5,13,17,29,34,39,0,2025-04-26
850,16,20,24,28,36,39,0,2025-04-25
851,14,18,22,26,31,44,0,2025-04-24
852,11,17,28,30,33,35,0,2025-04-23
853,2,8,23,26,27,44,0,2025-04-22
854,20,25,31,32,36,43,0,2025-04-21
855,8,15,17,19,43,44,0,2025-04-20
856,10,24,40,41,43,44,0,2025-04-19
857,6,10,16,28,34,38,0,2025-04-18
858,9,13,32,38,39,43,0,2025-04-17
859,8,22,35,38,39,41,0,2025-04-16
860,4,8,18,25,27,32,0,2025-04-15
861,11,17,19,21,22,25,0,2025-04-14
862,10,34,38,40,42,43,0,2025-04-13
863,16,21,28,35,39,43,0,2025-04-12
864,3,7,10,13,25,36,0,2025-04-11
865,3,15,22,32,33,45,0,2025-04-10
866,9,15,29,34,37,39,0,2025-04-09
867,14,17,19,22,24,40,0,2025-04-08
868,12,17,28,41,43,44,0,2025-04-07
869,2,6,20,27,37,39,0,2025-04-06
870,21,25,30,32,40,42,0,2025-04-05
871,2,6,12,26,30,34,0,2025-04-04
872,2,4,30,32,33,43,0,2025-04-03
873,3,5,12,13,33,39,0,2025-04-02
874,1,15,19,23,28,42,0,2025-04-01
875,19,22,30,34,39,44,0,2025-03-31
876,5,16,21,26,34,42,0,2025-03-30
877,5,17,18,22,23,43,0,2025-03-29
878,2,6,11,16,25,31,0,2025-03-28
879,1,4,10,14,15,35,0,2025-03-27
880,7,17,19,23,24,45,0,2025-03-26
881,4,18,20,26,27,32,0,2025-03-25
882,18,34,39,43,44,45,0,2025-03-24
883,9,18,32,33,37,44,0,2025-03-23
884,4,14,23,28,37,45,0,2025-03-22
885,1,3,24,27,39,45,0,2025-03-21
886,19,23,28,37,42,45,0,2025-03-20
887,8,14,17,27,36,45,0,2025-03-19
888,3,7,12,31,34,38,0,2025-03-18
889,3,13,29,38,39,42,0,2025-03-17
890,1,4,14,18,29,37,0,2025-03-16
891,9,13,28,31,39,41,0,2025-03-15
892,4,9,17,18,26,42,0,2025-03-14
893,1,15,17,23,25,41,0,2025-03-13
894,19,32,37,40,41,43,0,2025-03-12
895,16,26,31,38,39,41,0,2025-03-11
896,5,12,25,26,38,45,0,2025-03-10
897,6,7,12,22,26,36,0,2025-03-09
898,18,21,28,35,37,42,0,2025-03-08
899,8,19,20,21,33,39,0,2025-03-07
900,7,13,16,18,35,38,0,2025-03-06
901,5,18,20,23,30,34,0,2025-03-05
902,7,19,23,24,36,39,0,2025-03-04
903,2,15,16,21,22,28,0,2025-03-03
904,2,6,8,26,43,45,0,2025-03-02
905,3,4,16,27,38,40,0,2025-03-01
906,2,5,14,28,31,32,0,2025-02-28
907,21,27,29,38,40,44,0,2025-02-27
908,3,16,21,22,23,44,0,2025-02-26
909,7,24,29,30,34,35,0,2025-02-25
910,1,11,17,27,35,39,0,2025-02-24
911,4,5,12,14,32,42,0,2025-02-23
912,5,8,18,21,22,38,0,2025-02-22
913,6,14,16,21,27,37,0,2025-02-21
914,16,19,24,33,42,44,0,2025-02-20
915,2,6,11,13,22,37,0,2025-02-19
916,6,21,22,32,35,36,0,2025-02-18
917,1,3,23,24,27,43,0,2025-02-17
918,7,11,12,31,33,38,0,2025-02-16
919,9,14,17,18,42,44,0,2025-02-15
920,2,3,26,33,34,43,0,2025-02-14
921,5,7,12,22,28,41,0,2025-02-13
922,2,6,13,17,27,43,0,2025-02-12
923,3,17,18,23,36,41,0,2025-02-11
924,3,11,34,42,43,44,0,2025-02-10
925,13,24,32,34,39,42,0,2025-02-09
926,10,16,18,20,25,31,0,2025-02-08
927,4,15,22,38,41,43,0,2025-02-07
928,3,4,10,20,28,44,0,2025-02-06
929,7,9,12,15,19,23,0,2025-02-05
930,8,21,25,38,39,44,0,2025-02-04
931,14,15,23,25,35,43,0,2025-02-03
932,1,6,15,36,37,38,0,2025-02-02
933,23,27,29,31,36,45,0,2025-02-01
934,1,3,30,33,36,39,0,2025-01-31
935,4,10,20,32,38,44,0,2025-01-30
936,7,11,13,17,18,29,0,2025-01-29
937,2,10,13,22,29,40,0,2025-01-28
938,4,8,10,16,31,36,0,2025-01-27
939,4,11,28,39,42,45,0,2025-01-26
940,3,15,20,22,24,41,0,2025-01-25
941,12,14,25,27,39,40,0,2025-01-24
942,10,12,18,35,42,43,0,2025-01-23
943,1,8,13,36,44,45,0,2025-01-22
944,2,13,16,19,32,33,0,2025-01-21
945,9,10,15,30,33,37,0,2025-01-20
946,9,18,19,30,34,40,0,2025-01-19
947,3,8,17,20,27,35,0,2025-01-18
948,13,18,30,31,38,41,0,2025-01-17
949,14,21,35,36,40,44,0,2025-01-16
950,3,4,15,22,28,40,0,2025-01-15
951,2,12,30,31,39,43,0,2025-01-14
952,4,12,22,24,33,41,0,2025-01-13
953,7,9,22,27,37,42,0,2025-01-12
954,1,9,26,28,30,41,0,2025-01-11
955,4,9,23,26,29,33,0,2025-01-10
956,10,11,20,21,25,41,0,2025-01-09
957,4,15,24,35,36,40,0,2025-01-08
958,2,9,10,16,35,37,0,2025-01-07
959,1,14,15,24,40,41,0,2025-01-06
960,2,18,24,30,32,45,0,2025-01-05
961,11,20,29,31,33,42,0,2025-01-04
962,1,18,28,31,34,43,0,2025-01-03
963,6,12,19,23,34,42,0,2025-01-02
964,6,21,36,38,39,43,0,2025-01-01
965,2,13,25,28,29,36,0,2024-12-31
966,1,21,25,29,34,37,0,2024-12-30
967,1,6,13,37,38,40,0,2024-12-29
968,2,5,12,14,24,39,0,2024-12-28
969,3,9,10,29,40,45,0,2024-12-27
970,9,11,16,21,28,36,0,2024-12-26
971,2,6,17,18,21,26,0,2024-12-25
972,3,6,17,23,37,39,0,2024-12-24
973,22,26,31,37,41,42,0,2024-12-23
974,1,2,11,16,39,44,0,2024-12-22
975,7,8,9,17,22,24,0,2024-12-21
976,4,12,14,25,35,37,0,2024-12-20
977,2,9,10,14,22,44,0,2024-12-19
978,1,7,15,32,34,42,0,2024-12-18
979,7,11,16,21,27,33,0,2024-12-17
980,3,13,16,23,24,35,0,2024-12-16
981,27,36,37,41,43,45,0,2024-12-15
982,5,7,13,20,21,44,0,2024-12-14
983,13,23,26,31,35,43,0,2024-12-13
984,3,10,23,35,36,37,0,2024-12-12
985,17,21,23,30,34,44,0,2024-12-11
986,7,10,16,28,41,42,0,2024-12-10
987,2,4,15,23,29,38,0,2024-12-09
988,2,13,20,30,31,41,0,2024-12-08
989,17,18,21,27,29,33,0,2024-12-07
990,2,4,25,26,36,37,0,2024-12-06
991,13,18,25,31,33,44,0,2024-12-05
992,12,20,26,33,44,45,0,2024-12-04
993,6,14,16,18,24,42,0,2024-12-03
994,1,3,8,24,27,35,0,2024-12-02
995,1,4,13,29,38,39,0,2024-12-01
996,6,11,15,24,32,39,0,2024-11-30
997,4,7,14,16,24,44,0,2024-11-29
998,13,17,18,20,42,45,0,2024-11-28
999,1,3,9,14,18,28,0,2024-11-27
1000,2,8,19,22,32,42,0,2024-11-26
1001,6,10,12,14,20,42,0,2024-11-25
1002,17,25,33,35,38,45,0,2024-11-24
1003,1,4,29,39,43,45,0,2024-11-23
1004,7,15,30,37,39,44,0,2024-11-22
1005,8,13,18,24,27,29,0,2024-11-21
1006,8,11,15,16,17,37,0,2024-11-20
1007,8,11,16,19,21,25,0,2024-11-19
1008,9,11,30,31,41,44,0,2024-11-18
1009,15,23,29,34,40,44,0,2024-11-17
1010,9,12,15,25,34,36,0,2024-11-16
1011,1,9,12,26,35,38,0,2024-11-15
1012,5,11,18,20,35,45,0,2024-11-14
1013,21,22,26,34,36,41,0,2024-11-13
1014,3,11,14,18,26,27,0,2024-11-12
1015,14,23,31,33,37,40,0,2024-11-11
1016,15,26,28,34,41,42,0,2024-11-10
1017,12,18,22,23,30,34,0,2024-11-09
1018,3,19,21,25,37,45,0,2024-11-08
1019,1,4,13,17,34,39,0,2024-11-07
1020,12,27,29,38,41,45,0,2024-11-06
1021,12,15,17,24,29,45,0,2024-11-05
1022,5,6,11,29,42,45,0,2024-11-04
1023,10,14,16,18,29,35,0,2024-11-03
1024,9,18,20,22,38,44,0,2024-11-02
1025,8,9,20,25,29,33,0,2024-11-01
1026,5,12,13,31,32,41,0,2024-10-31
1027,14,16,27,35,39,45,0,2024-10-30
1028,5,7,12,13,18,35,0,2024-10-29
1029,12,30,32,37,39,41,0,2024-10-28
1030,2,5,11,17,24,29,0,2024-10-27
1031,6,7,22,32,35,36,0,2024-10-26
1032,1,6,12,19,36,42,0,2024-10-25
1033,3,11,15,20,35,44,0,2024-10-24
1034,26,31,32,33,38,40,0,2024-10-23
1035,9,14,34,35,41,42,0,2024-10-22
1036,2,5,22,32,34,45,0,2024-10-21
1037,2,14,15,22,27,33,0,2024-10-20
1038,7,16,24,27,37,44,0,2024-10-19
1039,2,3,6,19,36,39,0,2024-10-18
1040,8,16,26,29,31,36,0,2024-10-17
1041,6,7,9,11,17,18,0,2024-10-16
1042,5,14,15,23,34,43,0,2024-10-15
1043,3,5,12,22,26,31,0,2024-10-14
1044,12,17,20,26,28,36,0,2024-10-13
1045,6,14,15,19,21,41,0,2024-10-12
1046,7,16,25,29,35,36,0,2024-10-11
1047,2,20,33,40,42,44,0,2024-10-10
1048,6,12,17,21,32,39,0,2024-10-09
1049,3,5,13,20,21,37,0,2024-10-08
1050,6,12,31,35,38,43,0,2024-10-07
1051,21,26,30,32,33,35,0,2024-10-06
1052,5,17,26,27,35,38,0,2024-10-05
1053,22,26,29,30,34,45,0,2024-10-04
1054,14,19,27,28,30,45,0,2024-10-03
1055,4,7,12,14,22,33,0,2024-10-02
1056,13,20,24,32,36,45,0,2024-10-01
1057,8,13,19,27,40,45,0,2024-09-30
1058,11,23,25,30,32,40,0,2024-09-29
1059,7,10,22,25,34,40,0,2024-09-28
1060,3,10,24,33,38,45,0,2024-09-27
1061,4,24,27,35,37,45,0,2024-09-26
1062,20,31,32,40,41,45,0,2024-09-25
1063,3,6,22,23,24,38,0,2024-09-24
1064,3,6,9,18,22,35,0,2024-09-23
1065,3,18,19,23,32,45,0,2024-09-22
1066,6,11,16,19,21,32,0,2024-09-21
1067,7,10,19,23,28,33,0,2024-09-20
1068,4,7,19,26,33,35,0,2024-09-19
1069,1,10,18,22,28,31,0,2024-09-18
1070,3,6,14,22,30,41,0,2024-09-17
1071,1,2,11,21,30,35,0,2024-09-16
1072,16,18,20,23,32,43,0,2024-09-15
1073,6,18,28,30,32,38,0,2024-09-14
1074,1,6,20,27,28,41,0,2024-09-13
1075,1,23,24,35,44,45,0,2024-09-12
1076,3,7,9,33,36,37,0,2024-09-11
1077,4,8,17,30,40,43,0,2024-09-10
1078,6,10,11,14,36,38,0,2024-09-09
1079,4,8,18,24,37,45,0,2024-09-08
1080,13,16,23,31,36,44,0,2024-09-07
1081,1,9,16,23,24,38,0,2024-09-06
1082,21,26,27,32,34,42,0,2024-09-05
1083,3,7,14,15,22,38,0,2024-09-04
1084,8,12,13,29,33,42,0,2024-09-03
1085,4,7,17,18,38,44,0,2024-09-02
1086,11,16,25,27,35,36,0,2024-09-01
1087,13,14,18,21,34,44,0,2024-08-31
1088,11,21,22,30,39,44,0,2024-08-30
1089,4,18,31,37,42,43,0,2024-08-29
1090,12,19,21,29,40,45,0,2024-08-28
1091,6,20,23,24,28,30,0,2024-08-27
1092,7,18,19,26,33,45,0,2024-08-26
1093,10,17,22,30,35,43,0,2024-08-25
1094,6,7,15,22,26,40,0,2024-08-24
1095,8,14,28,29,34,40,0,2024-08-23
1096,1,12,16,19,23,43,0,2024-08-22
1097,14,33,34,35,37,40,0,2024-08-21
1098,12,16,21,24,41,43,0,2024-08-20
1099,3,20,28,38,40,43,0,2024-08-19
1100,17,26,29,30,31,43,0,2024-08-18
1101,6,7,13,28,36,42,0,2024-08-17
1102,13,14,22,26,37,38,0,2024-08-16
1103,10,12,29,31,40,44,0,2024-08-15
1104,1,7,21,30,35,38,0,2024-08-14
1105,6,16,34,37,39,40,0,2024-08-13
1106,1,3,4,29,42,45,0,2024-08-12
1107,6,14,30,31,40,41,0,2024-08-11
1108,7,19,26,37,39,44,0,2024-08-10
1109,10,12,13,19,33,40,0,2024-08-09
1110,3,7,11,20,22,41,0,2024-08-08
1111,3,13,30,33,43,45,0,2024-08-07
1112,16,20,26,36,42,44,0,2024-08-06
1113,11,13,20,21,32,44,0,2024-08-05
1114,10,16,19,32,33,38,0,2024-08-04
1115,7,12,23,32,34,36,0,2024-08-03
1116,15,16,17,25,30,31,0,2024-08-02
1117,3,4,9,30,33,36,0,2024-08-01
1118,11,13,14,15,16,45,0,2024-07-31
1119,1,9,12,13,20,45,0,2024-07-30
1120,2,19,26,31,38,41,0,2024-07-29
1121,6,24,31,32,38,44,0,2024-07-28
1122,3,6,21,30,34,35,0,2024-07-27
1123,13,19,21,24,34,35,0,2024-07-26
1124,3,8,17,30,33,34,0,2024-07-25
1125,6,14,25,33,40,44,0,2024-07-24
1126,4,5,9,11,37,40,0,2024-07-23
1127,10,15,24,30,31,37,0,2024-07-22
1128,1,5,8,16,28,33,0,2024-07-21
1129,5,10,11,17,28,34,0,2024-07-20
1130,15,19,21,25,27,28,0,2024-07-19
1131,1,2,6,14,27,38,0,2024-07-18
1132,6,7,19,28,34,41,0,2024-07-17
1133,13,14,20,28,29,34,0,2024-07-16
1134,3,7,9,13,19,24,0,2024-07-15
1135,1,6,13,19,21,33,0,2024-07-14
1136,21,33,35,38,42,44,0,2024-07-13
1137,4,9,12,15,33,45,0,2024-07-12
1138,14,16,19,20,29,34,0,2024-07-11
1139,5,12,15,30,37,40,0,2024-07-10
1140,7,10,22,29,31,38,0,2024-07-09
1141,7,11,12,21,26,35,0,2024-07-08
1142,2,8,28,30,37,41,0,2024-07-07
1143,10,16,17,27,28,36,0,2024-07-06
1144,3,4,12,15,26,34,0,2024-07-05
1145,2,11,31,33,37,44,0,2024-07-04
1146,6,11,17,19,40,43,0,2024-07-03
1147,7,11,24,26,27,37,0,2024-07-02
1148,3,6,13,15,16,22,0,2024-07-01
1149,8,15,19,21,32,36,0,2024-06-30
1150,8,9,18,35,39,45,0,2024-06-29
1151,2,3,9,15,27,29,0,2024-06-28
1152,30,31,32,35,36,37,0,2024-06-27
1153,1,9,10,13,35,44,0,2024-06-26
1154,4,8,22,26,32,35,0,2024-06-25
1155,10,13,19,27,37,38,0,2024-06-24
1156,30,31,34,39,41,45,0,2024-06-23
1157,5,7,12,20,25,26,0,2024-06-22
1158,21,25,27,32,37,38,0,2024-06-21
1159,3,9,27,28,38,39,0,2024-06-20
1160,7,13,18,36,39,45,0,2024-06-19
1161,2,12,20,24,34,42,0,2024-06-18
1162,20,21,22,25,28,29,0,2024-06-17
1163,2,13,15,16,33,43,0,2024-06-16
1164,17,18,23,25,38,39,0,2024-06-15
1165,6,7,27,29,38,45,0,2024-06-14
1166,14,23,25,27,29,42,0,2024-06-13
1167,8,23,31,35,39,40,0,2024-06-12
1168,9,21,24,30,33,37,0,2024-06-11
1169,5,12,24,26,39,42,0,2024-06-10
1170,3,13,28,34,38,42,0,2024-06-09
1171,3,6,7,11,12,17,0,2024-06-08
1172,7,9,24,40,42,44,0,2024-06-07
1173,1,5,18,20,30,35,0,2024-06-06
1174,8,11,14,17,36,39,0,2024-06-05
1175,3,4,6,8,32,42,0,2024-06-04
1176,7,9,11,21,30,35,0,2024-06-03
1177,3,7,15,16,19,43,0,2024-06-02
1178,5,6,11,27,43,44,0,2024-06-01
1179,3,16,18,24,40,44,21,2025-07-05
